{
    "type": "entity",
    "pools": [
        {
            "rolls": 1,
            "entries": [
                {
                    "type": "item",
                    "name": "silverfish_spawn_egg",
                    "functions": [
                        {
                            "function": "set_name",
                            "name": [
                                {
                                    "text": "Next ",
                                    "color": "white",
                                    "bold": false,
                                    "italic": false
                                },
                                {
                                    "text": "STEP",
                                    "color": "gold",
                                    "bold": true,
                                    "italic": false
                                }
                            ],
                            "entity": "this"
                        },
                        {
                            "function": "set_lore",
                            "lore": [
                                [
                                    {
                                        "text": ""
                                    }
                                ],
                                [
                                    {
                                        "text": "Use this egg to ",
                                        "color": "gray",
                                        "bold": false,
                                        "italic": false
                                    },
                                    {
                                        "text": "run",
                                        "color": "white",
                                        "bold": true,
                                        "italic": false
                                    }
                                ],
                                [
                                    {
                                        "text": "the next ",
                                        "color": "gray",
                                        "bold": false,
                                        "italic": false
                                    },
                                    {
                                        "text": "step",
                                        "color": "white",
                                        "bold": true,
                                        "italic": false
                                    },
                                    {
                                        "text": ".",
                                        "color": "gray",
                                        "bold": false,
                                        "italic": false
                                    }
                                ],
                                [
                                    {
                                        "text": ""
                                    }
                                ],
                                [
                                    {
                                        "text": "Use ",
                                        "color": "gray",
                                        "bold": false,
                                        "italic": false
                                    },
                                    {
                                        "text": "SHIFT",
                                        "color": "gold",
                                        "bold": true,
                                        "italic": false
                                    },
                                    {
                                        "text": " + ",
                                        "color": "gray",
                                        "bold": false,
                                        "italic": false
                                    },
                                    {
                                        "text": "RC",
                                        "color": "gold",
                                        "bold": true,
                                        "italic": false
                                    },
                                    {
                                        "text": " to change",
                                        "color": "gray",
                                        "bold": false,
                                        "italic": false
                                    }
                                ],
                                [
                                    {
                                        "text": "the stepping ",
                                        "color": "gray",
                                        "bold": false,
                                        "italic": false
                                    },
                                    {
                                        "text": "mode",
                                        "color": "white",
                                        "bold": true,
                                        "italic": false
                                    },
                                    {
                                        "text": ".",
                                        "color": "gray",
                                        "bold": false,
                                        "italic": false
                                    }
                                ],
                                [
                                    {
                                        "text": ""
                                    }
                                ]
                            ]
                        },
                        {
                            "function": "set_nbt",
                            "tag": "{EntityTag:{id:\"minecraft:armor_stand\",NoAI:1b,NoGravity:1b,NoBasePlate:1b,Small:1b,Invisible:1b,Invulnerable:1b,Tags:[\"cs_next\",\"cs_just_placed\"]},Enchantments:[{id:\"silk_touch\",lvl:1}],HideFlags:1,CsStepEgg:1b}"
                        }
                    ]
                }
            ]
        }
    ]
}